INSERT INTO `client` VALUES 
('010-1234-1234', 'password', 'user1', '07505', '서울 강서구 오곡동 1', 37.547910228484234, 126.79661411538629 , DEFAULT, 0),
('010-2345-2345', 'password', 'user2', '08759', '서울 관악구 신림동 1463-58', 37.48520794708903, 126.92559040149142 , DEFAULT, 0),
('010-3456-3456', 'password', 'user3', '131130', '서울 중랑구 신내동 718-2', 37.61954692663132, 127.09871518517144 , DEFAULT, 0),
('010-4567-3567', 'password', 'user4', '122080', '서울 은평구 신사동 산 46-1', 37.59879133586223, 126.90518501461219 , DEFAULT, 0),
('010-4567-4217', 'password', 'user5', '150050', '서울 영등포구 신길동 261-6', 37.505378260326054, 126.90819857985318  , DEFAULT, 0),
('010-4234-4567', 'password', 'user6', '06547', '서울 서초구 반포동 18-1', 37.501953966983166, 126.9950578547626 , DEFAULT, 0),
('010-4524-5467', 'password', 'user7', '153010', '서울 금천구 독산동 828-2', 37.46731915840589, 126.90752168060942 , DEFAULT, 0),
('010-4573-7247', 'password', 'user8', '140023', '서울 용산구 용산동3가 4-8', 37.532513788831324, 126.9765916038927 , DEFAULT, 0),
('010-4567-4626', 'password', 'user9', '05265', '서울 강동구 암사동 488-24', 37.548584630909126, 127.13519578230618 , DEFAULT, 0);
('010-4167-4286', 'password', 'user10', '06105', '서울 강남구 논현동 211-2', 37.514058534864276, 127.03451011401053, DEFAULT, 0);
('010-4567-4486', 'password', 'user11', '05540', '서울 송파구 방이동 88', 37.522652302614254, 127.1199451459891, DEFAULT, 0);

INSERT INTO `board_category` VALUES 
('01', '같이해요'),
('02', '같이사요'),
('03', '동네맛집'),
('04', '일상'),
('05', '취미생활'),
('06', '생활정보'),
('07', '해주세요'),
('08', '분실/실종센터');

INSERT INTO `board` VALUES
(1, '첫번째 글입니다.', '내용1', '010-1234-1234', DEFAULT, NULL, '01'),
(2, '두번째 글입니다.', '내용2', '010-4567-4217', DEFAULT, NULL, '02'),
(3, '세번째 글입니다.', '내용3', '010-4567-4626', DEFAULT, NULL, '01'),
(4, '네번째 글입니다.', '내용4', '010-4567-4626', DEFAULT, NULL, '03');

INSERT INTO `saleboard` VALUES 
(1, '01', 'image1.jpg', '물건1', '물건 설명1', '010-1234-1234', NULL, DEFAULT, DEFAULT, 0, 10000),
(2, '01', 'image2.jpg', '물건2', '물건 설명2', '010-4567-4217', NULL, DEFAULT, DEFAULT, 0, 20000),
(3, '02', 'image3.jpg', '물건3', '물건 설명3', '010-4567-4626', NULL, DEFAULT, DEFAULT, 0, 5000),
(4, '03', 'image4.jpg', '물건4', '물건 설명4', '010-4567-4626', NULL, DEFAULT, DEFAULT, 0, 3600);

INSERT INTO `interests` (interests_code, sb_code, client_contact) VALUES (1, 1, '010-1234-1234');
INSERT INTO `interests` (sb_code, client_contact) VALUES (2, '010-4567-4626');
INSERT INTO `interests` (sb_code, client_contact) VALUES (3, '010-4567-4626');

INSERT INTO `comment` VALUES 
('01', 1, '댓글1', '010-4567-4626', DEFAULT),
('02', 2, '댓글2', '010-4567-4626', DEFAULT),
('03', 2, '댓글3', '010-4567-4626', DEFAULT);

INSERT INTO category VALUES 
('01', '가전'),
('02', '의류'),
('03', '신발'),
('04', '잡화'),
('05', '가구/인테리어'),
('06', '스포츠/레저'),
('07', '도서'),
('08', '티켓/교환권');